AREA,LDP,Index flood,,,,,,,,,-1.801945807,0.244052892,66.20979241
1800.92,152.3,183.0255,,,,,,,,,1.113490666,0.059496349,26.55211808
31.4,14.18,9.581,,,,,,,,,0.5318383,98.99685467,#N/A
130.1,30.25,3.815,,,,,,,,,34.6484306,61,#N/A
344.36,42.68,80.671,,,,,,,,,679135.3809,597823.0113,#N/A
710.96,61.41,200.849,,,,,,,,,,,
67.25,22.87,19.9025,,,,,,,,,,,
851.65,53.5,38.238,,,,,,,,,,,
70.46,26.99,10.044001,,,,,,,,,,,
73.06,23.15,56.542,,,,,,,,,,,
661.92,67.37,203.101,,,,,,,,,,,
2172.36,94.29,880.582,,,,,,,,,,,
204.57,32.05,15.280001,,,,,,,,,,,
183.79,38.23,8.17,,,,,,,,,,,
41.01,12.1,29.912,,,,,,,,,,,
48.51,12.41,12.978,,,,,,,,,,,
1008.74,93.29,222.987,,,,,,,,,,,
44.59,15.22,10.74,,,,,,,,,,,
7.51,5.76,5.9845,,,,,,,,,,,
131.51,20.47,52.036,,,,,,,,,,,
147.14,31.7,82.964,,,,,,,,,,,
4329.83,222.49,337.019,,,,,,,,,,,
276.57,39.11,87.59,,,,,,,,,,,
86.87,25.47,71.791,,,,,,,,,,,
196.12,36.89,43.264,,,,,,,,,,,
43.93,16.21,41.904,,,,,,,,,,,
111.76,30.44,29.921,,,,,,,,,,,
79.92,22.7,45.54,,,,,,,,,,,
464.65,40.55,312.78198,,,,,,,,,,,
26.31,10.06,3.299,,,,,,,,,,,
509.54,68.74,97.8385,,,,,,,,,,,
46.28,14,62.850502,,,,,,,,,,,
363.01,41.47,97.957,,,,,,,,,,,
1121.49,62.57,350.319,,,,,,,,,,,
273.62,44.66,53.9395,,,,,,,,,,,
21.61,7.74,12.9939995,,,,,,,,,,,
532.29,55.13,57.193,,,,,,,,,,,
44.31,17.73,37.518,,,,,,,,,,,
72.16,28.46,39.278,,,,,,,,,,,
110.98,22.48,63.798,,,,,,,,,,,
72.07,25.75,0.992,,,,,,,,,,,
220.39,24.84,81.2715,,,,,,,,,,,
70.11,21.6,101.718506,,,,,,,,,,,
102.05,32.11,32.443,,,,,,,,,,,
67.08,22,30.72,,,,,,,,,,,
37.37,15.7,5.916,,,,,,,,,,,
475.92,55.62,14.8245,,,,,,,,,,,
159.94,32.98,4.946,,,,,,,,,,,
29.52,11.29,1.9195,,,,,,,,,,,
311.37,45.99,8.005,,,,,,,,,,,
76.64,21.74,11.943,,,,,,,,,,,
1833.26,127.75,556.402,,,,,,,,,,,
365.69,44.36,141.8645,,,,,,,,,,,
216.18,29.6,49.925,,,,,,,,,,,
215.68,34.69,15.2275,,,,,,,,,,,
92.75,21.39,13.571,,,,,,,,,,,
419.59,58.16,37.42,,,,,,,,,,,
27.55,9.78,1.014,,,,,,,,,,,
83.87,17.01,1.0239999,,,,,,,,,,,
23.93,12.42,11.0105,,,,,,,,,,,
51.9,15.2,55.2905,,,,,,,,,,,
277.83,33.62,80.132,,,,,,,,,,,
423.73,52.48,143.5525,,,,,,,,,,,
55.33,14.94,8.0285,,,,,,,,,,,
219.28,39.43,93.647,,,,,,,,,,,
16.78,7.05,1.1935,,,,,,,,,,,
176.63,26.3,26.832,,,,,,,,,,,
441.1,47.24,130.02,,,,,,,,,,,
235.21,34.4,3.545,,,,,,,,,,,
31.53,15.6,28.011,,,,,,,,,,,
137.99,31.43,14.7145,,,,,,,,,,,
80.4,17.78,3.2480001,,,,,,,,,,,
88,22.57,83.0485,,,,,,,,,,,
85.7,32,12.51,,,,,,,,,,,
36.8,15.9,16.7915,,,,,,,,,,,
1267.1,122.65,391.952,,,,,,,,,,,
80.2,26.35,59.565,,,,,,,,,,,
142.76,27.28,132.887,,,,,,,,,,,
74.26,14.29,30.622501,,,,,,,,,,,
-999,40.88,63.141,,,,,,,,,,,
237.23,43.72,106.947,,,,,,,,,,,
707.72,50.58,16.643501,,,,,,,,,,,
95.53,19.26,2.6525002,,,,,,,,,,,
161.41,26.24,6.221,,,,,,,,,,,
16.03,7.13,12.3125,,,,,,,,,,,
247.09,59.18,11.5825,,,,,,,,,,,
324.39,33.62,190.012,,,,,,,,,,,
12.79,7.27,15.362,,,,,,,,,,,
100.76,30.2,10.692,,,,,,,,,,,
22.27,13.73,37.406,,,,,,,,,,,
100.1,18.55,2.224,,,,,,,,,,,
246.4,39.41,175.301,,,,,,,,,,,
147.85,36.72,45.6445,,,,,,,,,,,
212,39.41,74.983,,,,,,,,,,,
38.48,16.68,12.8505,,,,,,,,,,,
107.29,35.78,3.61,,,,,,,,,,,
128.9,29.42,18.651,,,,,,,,,,,
67.75,20.76,17.238,,,,,,,,,,,
19.09,8.75,13.357,,,,,,,,,,,
47.49,14.36,69.063,,,,,,,,,,,
306.06,35.07,7.983,,,,,,,,,,,
71.18,12.11,63.66,,,,,,,,,,,
114.01,25.15,4.643,,,,,,,,,,,
1483.65,117.13,164.116,,,,,,,,,,,
123.45,28.03,111.347,,,,,,,,,,,
57.92,16.92,1.873,,,,,,,,,,,
202.32,42.95,80.886,,,,,,,,,,,
786.1,64.99,123.938995,,,,,,,,,,,
239.07,31.32,60.6065,,,,,,,,,,,
925.03,77.44,317.10498,,,,,,,,,,,
194.15,28.33,286.77,,,,,,,,,,,
34.37,12.4,37.765,,,,,,,,,,,
781.74,100.03,319.8985,,,,,,,,,,,
126.74,34.81,3.51,,,,,,,,,,,
87.41,17.88,26.158,,,,,,,,,,,
193.75,27.85,105.035,,,,,,,,,,,
420.71,56.02,144.926,,,,,,,,,,,
156.9,27.31,28.104,,,,,,,,,,,
1093,95.06,274.929,,,,,,,,,,,
661.04,71.26,185.524,,,,,,,,,,,
143.43,21.83,8.083,,,,,,,,,,,
190.8,32.43,218.219,,,,,,,,,,,
248.51,45.93,140.487,,,,,,,,,,,
26.53,8.28,2.591,,,,,,,,,,,
68.85,25.12,10.267,,,,,,,,,,,
326.99,33.19,122.4075,,,,,,,,,,,
8.45,5.83,4.302,,,,,,,,,,,
76.17,28.15,78.224,,,,,,,,,,,
67.14,16.68,89.601,,,,,,,,,,,
273.84,37.91,137.373,,,,,,,,,,,
86.29,21.27,1.294,,,,,,,,,,,
112.7,21.93,40.282,,,,,,,,,,,
429.98,58.58,262.267,,,,,,,,,,,
797.71,79.51,447.263,,,,,,,,,,,
242.36,37.84,193.78,,,,,,,,,,,
136.48,28.58,3.08,,,,,,,,,,,
122.39,17.61,7.551,,,,,,,,,,,
243.84,49.54,40.91,,,,,,,,,,,
124.47,33.35,35.577,,,,,,,,,,,
34.8,18.45,41.879,,,,,,,,,,,
4398.66,152.98,780.8,,,,,,,,,,,
47.71,15.44,12.73,,,,,,,,,,,
77.76,29.29,4.55,,,,,,,,,,,
404.67,44.56,48.44,,,,,,,,,,,
139.13,27.75,176.9005,,,,,,,,,,,
38.57,15.42,6.448,,,,,,,,,,,
65.35,18.26,90.2495,,,,,,,,,,,
13.37,9.95,21.629,,,,,,,,,,,
191.38,30.06,67.405,,,,,,,,,,,
961.4,84.53,249.202,,,,,,,,,,,
142.08,28.14,16.8,,,,,,,,,,,
116.17,23.42,46.587,,,,,,,,,,,
170.87,32.6,164.224,,,,,,,,,,,
155.85,35.13,11.3975,,,,,,,,,,,
273.03,36.95,134.8995,,,,,,,,,,,
201.44,29.48,10.914,,,,,,,,,,,
19.31,10.04,28.578,,,,,,,,,,,
36.62,14.62,24.619999,,,,,,,,,,,
86.81,24.01,73.776,,,,,,,,,,,
79.62,14.38,183.936,,,,,,,,,,,
22.51,11.18,10.996,,,,,,,,,,,
6.81,6.01,3.233,,,,,,,,,,,
324.54,50.74,200.433,,,,,,,,,,,
56.9,19.07,30.143501,,,,,,,,,,,
20.16,8.56,18.885,,,,,,,,,,,
153.94,23.28,54.1245,,,,,,,,,,,
13.66,6.69,15.25,,,,,,,,,,,
157.63,48.2,31.315,,,,,,,,,,,
118.07,23,48.41,,,,,,,,,,,
481.29,60.21,29.561,,,,,,,,,,,
78.06,16.32,16.211,,,,,,,,,,,
228.81,40.16,7.979,,,,,,,,,,,
225.76,52.04,21.8545,,,,,,,,,,,
138.5,26.2,39.128,,,,,,,,,,,
540.69,64.94,224.352,,,,,,,,,,,
153.39,24.45,14.5875,,,,,,,,,,,
59.03,16.09,6.147,,,,,,,,,,,
22.17,10.46,19.1,,,,,,,,,,,
327.81,50.5,9.363,,,,,,,,,,,
912.58,102.47,274.979,,,,,,,,,,,
545.59,53.12,344.946,,,,,,,,,,,
53.88,14.1,19.135,,,,,,,,,,,
170.88,32.06,7.139,,,,,,,,,,,
174.54,41.16,92.773,,,,,,,,,,,
308.72,40.66,40.417,,,,,,,,,,,
140.83,20.19,228.4035,,,,,,,,,,,
22.91,13.27,8.133,,,,,,,,,,,
96.37,27.54,14.189,,,,,,,,,,,
446.28,74.61,219.07199,,,,,,,,,,,
361.6,70.6,11.3,,,,,,,,,,,
73.53,18.71,14.18,,,,,,,,,,,
117.54,23.51,85.372,,,,,,,,,,,
165.09,28.16,67.1785,,,,,,,,,,,
222.82,41.22,16.642,,,,,,,,,,,
456.97,52.06,50.18,,,,,,,,,,,
46.12,18.73,20.353,,,,,,,,,,,
11.34,5.59,12.329,,,,,,,,,,,
261.94,49.1,14.068,,,,,,,,,,,
183.23,25.89,124.519,,,,,,,,,,,
298.73,52.53,177.49051,,,,,,,,,,,
101.8,21.02,4.032,,,,,,,,,,,
680.84,57.82,84.218,,,,,,,,,,,
1.63,2.21,1.7865,,,,,,,,,,,
741.79,78.16,196.355,,,,,,,,,,,
815.36,118.52,203.5645,,,,,,,,,,,
8.15,5.22,4.6099997,,,,,,,,,,,
186.31,29.69,35.263,,,,,,,,,,,
102.37,32.97,64.659,,,,,,,,,,,
1064.02,106.4,114.852,,,,,,,,,,,
232.84,30.34,137.516,,,,,,,,,,,
7.93,6.17,4.7,,,,,,,,,,,
440.5,48.28,279.439,,,,,,,,,,,
145.91,33.94,59.8715,,,,,,,,,,,
40.83,10.79,14.023,,,,,,,,,,,
274.99,34.06,7.813,,,,,,,,,,,
48.05,14.87,66.609,,,,,,,,,,,
18.84,10.2,9.2,,,,,,,,,,,
167.21,37.65,49.191498,,,,,,,,,,,
249.75,38.72,234.524,,,,,,,,,,,
32.47,10.73,22.9025,,,,,,,,,,,
95.66,26.71,5.23,,,,,,,,,,,
72.57,18.4,43.99,,,,,,,,,,,
1699.42,120.26,376.597,,,,,,,,,,,
298.98,46.75,61.718002,,,,,,,,,,,
304.23,46.99,112.373505,,,,,,,,,,,
510.17,55.01,259.9165,,,,,,,,,,,
173.1,30.43,22.653,,,,,,,,,,,
237.26,30.65,104.6155,,,,,,,,,,,
72.78,18.3,8.753,,,,,,,,,,,
42.69,11.99,8.922,,,,,,,,,,,
345.99,49.21,129.6655,,,,,,,,,,,
50.32,20.74,4.938,,,,,,,,,,,
227.46,39.92,249.889,,,,,,,,,,,
120.87,30.28,50.021,,,,,,,,,,,
985.37,74.98,623.318,,,,,,,,,,,
72.9,18.99,18.921,,,,,,,,,,,
495.37,61.01,354.5665,,,,,,,,,,,
172.96,19.74,82.9615,,,,,,,,,,,
197.8,30.52,56.04,,,,,,,,,,,
99.34,17.89,15.001,,,,,,,,,,,
132.65,22.55,13.775,,,,,,,,,,,
113.44,23.68,19.113499,,,,,,,,,,,
166.3,47.03,24.558498,,,,,,,,,,,
7.98,6.22,1.309,,,,,,,,,,,
59.4,23.89,1.718,,,,,,,,,,,
102.4,31.08,35.726,,,,,,,,,,,
165.21,47.3,2.23,,,,,,,,,,,
913.2,94.4,400.5975,,,,,,,,,,,
44.58,16.23,33.308502,,,,,,,,,,,
146.97,25.82,107.313,,,,,,,,,,,
15.7,9.02,2.645,,,,,,,,,,,
12.87,7.84,16.3555,,,,,,,,,,,
698.01,49.76,176.675,,,,,,,,,,,
598.42,68.98,189.4815,,,,,,,,,,,
179.98,27.65,49.309,,,,,,,,,,,
202.54,31.7,27.319,,,,,,,,,,,
197.07,37.67,84.27,,,,,,,,,,,
131.51,29.33,50.652,,,,,,,,,,,
243.63,55.15,90.921,,,,,,,,,,,
105.98,25.12,50.897,,,,,,,,,,,
40.83,13.66,5.53,,,,,,,,,,,
282.03,39.06,100.858505,,,,,,,,,,,
3300.8,152.06,318.5,,,,,,,,,,,
584.7,55.63,203.9845,,,,,,,,,,,
127.45,29.45,36.936,,,,,,,,,,,
2276.03,125.23,611.515,,,,,,,,,,,
203.22,42.98,118.832,,,,,,,,,,,
118.86,37.24,36.964,,,,,,,,,,,
64.54,15.46,8.856,,,,,,,,,,,
247.81,36.16,72.636505,,,,,,,,,,,
22.44,8.08,15.2815,,,,,,,,,,,
216.64,39.5,45.461502,,,,,,,,,,,
468.87,58.77,336.24548,,,,,,,,,,,
118.62,16.43,132.02701,,,,,,,,,,,
24.92,11.6,6.6375,,,,,,,,,,,
185.16,24.06,23.213,,,,,,,,,,,
24.58,9.44,31.368,,,,,,,,,,,
1371.7,105.81,421.142,,,,,,,,,,,
229.26,35.62,123.004,,,,,,,,,,,
78.28,26.13,21.878,,,,,,,,,,,
202.79,41,68.1455,,,,,,,,,,,
58.78,21.12,1.998,,,,,,,,,,,
129.49,38.47,70.138,,,,,,,,,,,
518.88,45.99,120.528,,,,,,,,,,,
319.3,45.96,301.3875,,,,,,,,,,,
233.6,34.06,10.415501,,,,,,,,,,,
62.5,21.55,23.456,,,,,,,,,,,
131.05,26.69,78.409,,,,,,,,,,,
56.46,15.94,3.83,,,,,,,,,,,
1626.71,96.68,77.624,,,,,,,,,,,
35.42,15.71,13.49,,,,,,,,,,,
148.45,34.13,58.693,,,,,,,,,,,
173.32,bbb,119.551,,,,,,,,,,,
12.06,8.41,16.31,,,,,,,,,,,
377.97,48.74,231.323,,,,,,,,,,,
243.04,41.65,122.902,,,,,,,,,,,
429.2,46.75,131.324,,,,,,,,,,,
3480.01,138,148.0145,,,,,,,,,,,
15.07,9.47,5.2244997,,,,,,,,,,,
46.42,18.09,0.788,,,,,,,,,,,
4016.42,244.21,530.023,,,,,,,,,,,
333.43,64.44,134.7875,,,,,,,,,,,
103.14,24.75,34.471,,,,,,,,,,,
3345.74,124.89,806.71,,,,,,,,,,,
447.94,52.3,12.92,,,,,,,,,,,
84.98,19.27,28.297,,,,,,,,,,,
64.11,18.34,2.482,,,,,,,,,,,
126.36,28.3,34.3465,,,,,,,,,,,
18.77,9.43,7.4969997,,,,,,,,,,,
223.1,29.82,178.001,,,,,,,,,,,
283.38,36.36,217.1995,,,,,,,,,,,
107.23,24.52,5.1225,,,,,,,,,,,
53.17,15.1,23.207,,,,,,,,,,,
37.38,13.8,59.9645,,,,,,,,,,,
325.71,41.23,45.9765,,,,,,,,,,,
195.45,26.55,21.744,,,,,,,,,,,
51.56,13.29,40.380997,,,,,,,,,,,
331.64,31.14,342.057,,,,,,,,,,,
136.34,23.09,27.9975,,,,,,,,,,,
1049.61,69.1,440.64,,,,,,,,,,,
792.65,102.52,112.720505,,,,,,,,,,,
10.94,10.72,2.6455,,,,,,,,,,,
172.17,37.71,114.795,,,,,,,,,,,
341.76,32.35,378.99548,,,,,,,,,,,
11.46,6.03,15.09,,,,,,,,,,,
88.59,24.07,29.739,,,,,,,,,,,
1090.83,89.91,378.803,,,,,,,,,,,
502.24,57.21,117.71,,,,,,,,,,,
173.94,48.39,51.665,,,,,,,,,,,
55.97,13.52,77.673,,,,,,,,,,,
621.52,64.6,46.449997,,,,,,,,,,,
1594.22,99.11,80.4105,,,,,,,,,,,
184.23,28.56,48.267,,,,,,,,,,,
79.4,20.37,45.324997,,,,,,,,,,,
85.63,22.77,8.1345005,,,,,,,,,,,
123.5,26.22,6.552,,,,,,,,,,,
58.16,13.64,4.628,,,,,,,,,,,
182.48,29.83,32.242,,,,,,,,,,,
92.74,31.53,10.6,,,,,,,,,,,
1380.04,107.51,436.809,,,,,,,,,,,
84.62,24.12,5.594,,,,,,,,,,,
783.72,71.45,250.242,,,,,,,,,,,
68,21.79,3.715,,,,,,,,,,,
63.78,18.61,8.502,,,,,,,,,,,
232.41,41.66,80.669,,,,,,,,,,,
75.85,25.22,2.889,,,,,,,,,,,
897.26,109.03,215.506,,,,,,,,,,,
510.02,54.43,441.99402,,,,,,,,,,,
579.08,69.54,248.945,,,,,,,,,,,
778.96,66.61,262.16998,,,,,,,,,,,
278.05,36.97,42.098503,,,,,,,,,,,
444.8,54.2,129.252,,,,,,,,,,,
50.97,16.1,13.606501,,,,,,,,,,,
1269.46,127.35,136.246,,,,,,,,,,,
38.59,11.98,60.364,,,,,,,,,,,
2852.4,162.33,472.093,,,,,,,,,,,
36.7,12.13,6.12,,,,,,,,,,,
263.63,30.57,72.6325,,,,,,,,,,,
137.79,23.72,36.2005,,,,,,,,,,,
108.14,24.19,1.987,,,,,,,,,,,
52.44,19.05,16.406,,,,,,,,,,,
103.32,21.93,3.659,,,,,,,,,,,
116.03,20.64,38.503,,,,,,,,,,,
140.09,22.82,8.129,,,,,,,,,,,
366.25,46,226.806,,,,,,,,,,,
414.39,58.38,98.094,,,,,,,,,,,
832.97,63.01,229.1175,,,,,,,,,,,
1.74,2.74,1.2245,,,,,,,,,,,
86.01,22.11,117.965,,,,,,,,,,,
228.88,30.57,71.491,,,,,,,,,,,
89.03,27.77,11.053,,,,,,,,,,,
162.76,22.45,30.382,,,,,,,,,,,
94.89,20.47,3.421,,,,,,,,,,,
1124.59,82.68,138.789,,,,,,,,,,,
60.07,15.99,24.7325,,,,,,,,,,,
26.83,11.19,3.9580002,,,,,,,,,,,
759.03,107.44,233.276,,,,,,,,,,,
1745.88,102.35,223.915,,,,,,,,,,,
98.37,21.17,37.486,,,,,,,,,,,
88.18,22.94,80.015,,,,,,,,,,,
4.32,3.74,1.906,,,,,,,,,,,
205.67,31.37,15.948,,,,,,,,,,,
8.69,5.73,13.829,,,,,,,,,,,
365.9,54.57,44.366,,,,,,,,,,,
57.5,19.06,30.935,,,,,,,,,,,
23.33,11.77,3.361,,,,,,,,,,,
78.1,25.04,6.582,,,,,,,,,,,
885.11,90.17,45.1455,,,,,,,,,,,
135.29,35.22,48.737,,,,,,,,,,,
27.58,9.26,6.759,,,,,,,,,,,
100.33,27.2,63.715004,,,,,,,,,,,
401.59,41.13,101.336,,,,,,,,,,,
608.13,77.1,169.462,,,,,,,,,,,
664.23,74.99,230.045,,,,,,,,,,,
1008.94,70.89,145.5,,,,,,,,,,,
65.59,20.68,53.748,,,,,,,,,,,
20.17,10.07,0.406,,,,,,,,,,,
44.59,19.89,16.005,,,,,,,,,,,
27.18,9.88,50.404,,,,,,,,,,,
212.19,33.58,148.543,,,,,,,,,,,
263.01,42.97,163.293,,,,,,,,,,,
155.39,37.34,40.298,,,,,,,,,,,
687.29,58.42,117.477,,,,,,,,,,,
60.24,17.39,7.3114996,,,,,,,,,,,
42.1,14.72,9.52,,,,,,,,,,,
167.21,38.71,100.777,,,,,,,,,,,
34.76,15.03,9.523,,,,,,,,,,,
235.9,46.2,12.016,,,,,,,,,,,
126.98,17.94,12.4,,,,,,,,,,,
2645.6,146.99,420.9705,,,,,,,,,,,
149.89,36.33,49.783,,,,,,,,,,,
66.84,23.39,83.631,,,,,,,,,,,
43.99,13.07,20.046,,,,,,,,,,,
1894.26,157.79,387.97552,,,,,,,,,,,
414.4,54.9,21.9,,,,,,,,,,,
105.29,27.17,57.872,,,,,,,,,,,
77.57,34.38,3.4775,,,,,,,,,,,
288.53,39.74,104.8665,,,,,,,,,,,
335.39,38.11,195.072,,,,,,,,,,,
474.08,56.85,140.62851,,,,,,,,,,,
101.64,17.71,64.99451,,,,,,,,,,,
697.46,62.86,300.532,,,,,,,,,,,
387.74,40.11,21.8,,,,,,,,,,,
30.36,11.52,13.505,,,,,,,,,,,
121.64,29.19,63.4845,,,,,,,,,,,
95.57,18.51,63.975,,,,,,,,,,,
574.66,61.86,191.494,,,,,,,,,,,
85.83,18.26,3.616,,,,,,,,,,,
517.56,76.12,135.8425,,,,,,,,,,,
74.34,21.67,1.314,,,,,,,,,,,
147.47,41.66,3.679,,,,,,,,,,,
6.52,4.69,6.25,,,,,,,,,,,
36.97,16.5,26.395,,,,,,,,,,,
248.21,34.68,10.450001,,,,,,,,,,,
634.78,77.29,82.895004,,,,,,,,,,,
363.76,52.95,85.687,,,,,,,,,,,
57.67,21,13.053,,,,,,,,,,,
128.42,21.41,5.156,,,,,,,,,,,
158.22,26.5,66.094,,,,,,,,,,,
19.39,12.51,10.7745,,,,,,,,,,,
1459.55,95.25,46.46,,,,,,,,,,,
847.7,85.6,375.695,,,,,,,,,,,
27.75,10.61,10.268,,,,,,,,,,,
183.49,29.02,52.66,,,,,,,,,,,
216.48,38.77,61.3665,,,,,,,,,,,
105.31,14.3,198.528,,,,,,,,,,,
102.89,22.39,31.67,,,,,,,,,,,
313.59,46.35,106.918,,,,,,,,,,,
964.93,76.19,118.6595,,,,,,,,,,,
109.57,21.45,13.349501,,,,,,,,,,,
219.21,35.65,266.95398,,,,,,,,,,,
138.63,29.9,80.978,,,,,,,,,,,
382.69,48.1,76.128,,,,,,,,,,,
48.51,15.65,4.386,,,,,,,,,,,
397.92,49.02,309.038,,,,,,,,,,,
81.6,27.08,8.4805,,,,,,,,,,,
355.07,40.55,150.8005,,,,,,,,,,,
9.85,4.66,4.262,,,,,,,,,,,
52.85,21.42,11.084,,,,,,,,,,,
578.21,82.28,139.673,,,,,,,,,,,
199.42,41.8,16.6035,,,,,,,,,,,
33.76,13.3,6.109,,,,,,,,,,,
272.2,44.15,94.4505,,,,,,,,,,,
510.9,60.56,238.2135,,,,,,,,,,,
117.12,27.82,90.532,,,,,,,,,,,
152.4,26.72,16.5275,,,,,,,,,,,
236.84,31.8,190.699,,,,,,,,,,,
155.76,28.83,70.779,,,,,,,,,,,
196.18,37.33,5.073,,,,,,,,,,,
1012.97,66.25,367.601,,,,,,,,,,,
417.01,55.23,38.588,,,,,,,,,,,
559.72,79.18,18.561,,,,,,,,,,,
50.04,12.76,2.8575,,,,,,,,,,,
183,31.76,85.8535,,,,,,,,,,,
185.66,30.64,72.44,,,,,,,,,,,
43.43,15.9,53.942,,,,,,,,,,,
319.94,37.07,106.756,,,,,,,,,,,
552.57,56.43,169.057,,,,,,,,,,,
118.05,28.03,21.405,,,,,,,,,,,
11.76,7.41,1.234,,,,,,,,,,,
20.38,12.14,7.7565002,,,,,,,,,,,
198.07,32.69,111.322,,,,,,,,,,,
125.92,28.39,26.7795,,,,,,,,,,,
92.61,22.2,17.979,,,,,,,,,,,
883.12,87.48,119.094,,,,,,,,,,,
203.65,40.88,43.723,,,,,,,,,,,
77.73,25.81,16.774,,,,,,,,,,,
194.15,44.61,43.54,,,,,,,,,,,
1283.4,84.45,529.327,,,,,,,,,,,
89.42,23.5,101.89,,,,,,,,,,,
148.7,33.49,15.362,,,,,,,,,,,
307.14,43.22,57.803,,,,,,,,,,,
140.38,40,13.836,,,,,,,,,,,
938.48,85.17,247.7385,,,,,,,,,,,
133.52,37.06,36.8565,,,,,,,,,,,
188.05,34.67,10.653,,,,,,,,,,,
117.35,28.01,27.434,,,,,,,,,,,
15.85,7.33,0.142,,,,,,,,,,,
801.65,66.98,62.661,,,,,,,,,,,
139.27,33.73,71.038,,,,,,,,,,,
78.54,17.99,53.15,,,,,,,,,,,
32.34,10.6,12.811,,,,,,,,,,,
109.39,28.24,69.8325,,,,,,,,,,,
149.24,23.62,59.096,,,,,,,,,,,
322.97,35.83,237.306,,,,,,,,,,,
1149.07,89.04,354.832,,,,,,,,,,,
74.13,17.37,25.0555,,,,,,,,,,,
55.72,13.54,3.084,,,,,,,,,,,
455.1,50.31,201.807,,,,,,,,,,,
134.5,23,27.875,,,,,,,,,,,
25.62,10.77,3.661,,,,,,,,,,,
59.98,14.24,26.132,,,,,,,,,,,
16.05,8.95,0.459,,,,,,,,,,,
148.28,32.6,19.550499,,,,,,,,,,,
62.9,14.16,3.601,,,,,,,,,,,
99.67,19.83,21.602001,,,,,,,,,,,
173.41,23.41,117.7115,,,,,,,,,,,
1037.36,90.42,38.394,,,,,,,,,,,
63.26,23.03,36.5695,,,,,,,,,,,
33.97,12.97,34.576,,,,,,,,,,,
263.74,40.53,57.007,,,,,,,,,,,
326.55,48.34,11.106,,,,,,,,,,,
1260.92,88.07,165.854,,,,,,,,,,,
50.13,14.39,5.8805,,,,,,,,,,,
58.81,13.34,64.633,,,,,,,,,,,
31.84,9.94,43.18,,,,,,,,,,,
12.06,6.32,0.861,,,,,,,,,,,
502.73,54.52,241.075,,,,,,,,,,,
130.45,26.97,38.989502,,,,,,,,,,,
345.2,48.82,134.5495,,,,,,,,,,,
367.59,52.64,200.4925,,,,,,,,,,,
397.97,53.62,87.253,,,,,,,,,,,
445.22,61.92,267.21,,,,,,,,,,,
920.16,74.06,263.276,,,,,,,,,,,
377.16,42.63,123.485504,,,,,,,,,,,
407.17,42.2,179.0455,,,,,,,,,,,
1844.19,78.34,574.8425,,,,,,,,,,,
3211.11,117.3,839.283,,,,,,,,,,,
164.46,36.96,114.109,,,,,,,,,,,
291.9,28.76,180.223,,,,,,,,,,,
64.57,19.24,60.718,,,,,,,,,,,
708,79.98,37.004,,,,,,,,,,,
258.42,42.19,100.477,,,,,,,,,,,
74.22,15.32,11.4345,,,,,,,,,,,
219.24,39.75,117.687,,,,,,,,,,,
136.69,30.29,11.798,,,,,,,,,,,
415.59,50.96,248.084,,,,,,,,,,,
749.9,60.11,469.699,,,,,,,,,,,
56.18,21.65,-999,,,,,,,,,,,
120.54,30.76,20.461,,,,,,,,,,,
84.62,25.06,9.631,,,,,,,,,,,
283.47,38.62,67.482,,,,,,,,,,,
54.47,19.53,36.683,,,,,,,,,,,
571.36,79.29,27.452,,,,,,,,,,,
305.19,34.55,36.405,,,,,,,,,,,
28.99,14.2,15.934,,,,,,,,,,,
170.94,33.33,48.522,,,,,,,,,,,
48.51,17.72,1.129,,,,,,,,,,,
25.26,12.54,9.565,,,,,,,,,,,
74.95,16.74,7.126,,,,,,,,,,,
53.51,12.35,1.076,,,,,,,,,,,
181.9,28.01,81.849,,,,,,,,,,,
92.96,29.76,29.826,,,,,,,,,,,
2026.73,121.61,285.066,,,,,,,,,,,
111.18,21.23,96.308,,,,,,,,,,,
497.61,60.77,335.6595,,,,,,,,,,,
618.21,62.7,248.095,,,,,,,,,,,
182.4,29.92,31.6225,,,,,,,,,,,
258.14,42.42,225.574,,,,,,,,,,,
202.93,34.67,61.86,,,,,,,,,,,
304.96,58.04,95.83,,,,,,,,,,,
184.74,24.81,159.2635,,,,,,,,,,,
102.42,18.95,15.227,,,,,,,,,,,
21.87,16.21,14.563499,,,,,,,,,,,
132.96,26.36,12.919,,,,,,,,,,,
209.94,33.98,70.447,,,,,,,,,,,
4586.97,130.42,992.846,,,,,,,,,,,
243.54,32.46,59.699,,,,,,,,,,,
204.71,33.39,36.558,,,,,,,,,,,
98.48,22.53,147.55551,,,,,,,,,,,
1569.29,94.38,167.223,,,,,,,,,,,
427.14,62.55,25.7,,,,,,,,,,,
193.51,37.58,11.2225,,,,,,,,,,,
240.98,35.19,78.168,,,,,,,,,,,
29.38,14.28,22.4605,,,,,,,,,,,
33.62,9.42,5.3075,,,,,,,,,,,
88.25,19.69,12.157,,,,,,,,,,,
79.86,21.35,19.489,,,,,,,,,,,
205.45,42.61,51.535,,,,,,,,,,,
72.12,25.54,2.971,,,,,,,,,,,
156.2,30.8,100.983,,,,,,,,,,,
32.43,13.34,0.784,,,,,,,,,,,
67.62,26.18,14.407,,,,,,,,,,,
7.17,4.6,7.627,,,,,,,,,,,
141.9,35.42,36.146,,,,,,,,,,,
63.71,19.83,29.21,,,,,,,,,,,
1092.13,90.61,312.826,,,,,,,,,,,
181.88,46.15,109.671,,,,,,,,,,,
